currency_name,currency_value
United Arab Emirates Dirham,"255,852.00"
Afghan Afghani,"4,389,060"
Albanian Lek,"5,775,230"
Armenian Dram,"26,299,400.00"
Netherlands Antillean Guilder,"124,711.00"
Angolan Kwanza,"63,884,700.00"
Argentine Peso,"97,229,900.00"
Australian Dollar,"99,094.30"
Aruban Florin,"125,575.00"
Azerbaijani Manat,"118,420.00"
Bosnia And Herzegovina Mark,"117,716.00"
Barbadian Dollar,"140,274.00"
Bangladeshi Taka,"8,546,060.00"
Bulgarian Lev,"119,082.00"
Bahraini Dinar,"26,320.200"
Burundian Franc,"206,161,000"
Bermudian Dollar,"69,667.00"
Brunei Dollar,"89,076.20"
Bolivian Boliviano,"481,281.00"
Brazilian Real,"369,075.00"
Bahamian Dollar,"69,653.10"
Bhutanese Ngultrum,"6,511,360.00"
Botswana Pula,"949,742.00"
Belarusian Ruble,"1,365,470,000"
Belize Dollar,"140,079.00"
Canadian Dollar,"95,736.40"
Congolese Franc,"158,492,000.00"
Swiss Franc,"55,009.10"
Chilean Peso,"64,106,900"
Chinese Yuan,"480,737.00"
Colombian Peso,"258,068,000.00"
Costa Rican Colon,"32,532,200.00"
Cuban Convertible Peso,"69,667.00"
Cuban Peso,"1,846,180.00"
Cape Verdean Escudo,"6,636,800.00"
Czech Koruna,"1,479,710.00"
Djiboutian Franc,"12,402,800"
Danish Krone,"451,115.00"
Dominican Peso,"4,134,350.00"
Algerian Dinar,"9,205,120.00"
Egyptian Pound,"3,639,340.00"
Eritrean Nakfa,"1,045,000.00"
Ethiopian Birr,"10,976,900.00"
Euro,"60,380.40"
Fijian Dollar,"154,445.00"
Falkland Islands Pound,"52,187.60"
British Pound,"52,319.90"
Georgian Lari,"189,146.00"
Ghana Cedi,"759,238.00"
Gibraltar Pound,"52,187.60"
Gambian Dalasi,"5,155,370.00"
Guinean Franc,"610,484,000"
Guatemalan Quetzal,"533,517.00"
Guyanese Dollar,"14,572,000.00"
Hong Kong Dollar,"545,771.00"
Honduran Lempira,"1,843,510.00"
Croatian Kuna,"455,058.00"
Haitian Gourde,"9,137,220.00"
Hungarian Forint,"23,744,400.00"
Indonesian Rupiah,"1,181,420,000.00"
Israeli New Shekel,"217,298.00"
Manx Pound,"52,187.60"
Indian Rupee,"6,532,970.00"
Iraqi Dinar,"91,239,800"
Iranian Rial,"69,667,000,000"
Icelandic Krona,"8,682,590"
Jersey Pound,"52,187.60"
Jamaican Dollar,"10,942,400.00"
Jordanian Dinar,"49,393.900"
Japanese Yen,"11,084,600"
Kenyan Shilling,"9,023,250.00"
Kyrgyzstani Som,"6,092,230.00"
Cambodian Riel,"278,319,000.00"
Comorian Franc,"29,817,500"
North Korean Won,"62,696,900"
South Korean Won,"104,814,000"
Kuwaiti Dinar,"21,352.900"
Cayman Islands Dollar,"58,039.60"
Kazakhstani Tenge,"33,485,000.00"
Lao Kip,"1,495,660,000"
Lebanese Pound,"6,237,730,000"
Sri Lankan Rupee,"21,727,000.00"
Liberian Dollar,"12,745,600.00"
Lesotho Loti,"1,174,930.00"
Libyan Dinar,"445,883.000"
Moroccan Dirham,"650,829.00"
Moldovan Leu,"1,212,950.00"
Malagasy Ariary,"290,417,000"
Macedonian Denar,"3,722,780.00"
Myanmar Kyat,"146,285,000"
Mongolian Togrog,"248,689,000.00"
Macanese Pataca,"562,199.00"
Mauritanian Ouguiya,"24,871,100"
Mauritian Rupee,"3,240,200.00"
Maldivian Rufiyaa,"1,076,340.00"
Malawian Kwacha,"120,777,000.00"
Mexican Peso,"1,249,530.00"
Malaysian Ringgit,"274,418.00"
Mozambican Metical,"4,451,460.00"
Namibian Dollar,"1,174,920.00"
Nigerian Naira,"94,449,600.00"
Nicaraguan Cordoba,"2,562,850.00"
Norwegian Krone,"666,386.00"
Nepalese Rupee,"10,418,200.00"
New Zealand Dollar,"119,444.00"
Omani Rial,"26,787.000"
Panamanian Balboa,"69,653.10"
Peruvian Nuevo Sol,"240,797.00"
Papua New Guinean Kina,"300,641.00"
Philippine Peso,"4,179,530.00"
Pakistani Rupee,"19,445,900.00"
Polish Zloty,"258,492.00"
Paraguayan Guarani,"454,909,000"
Qatari Riyal,"254,689.00"
Romanian Leu,"307,754.00"
Serbian Dinar,"7,092,830"
Russian Ruble,"5,811,860.00"
Rwandan Franc,"101,342,000"
Saudi Riyal,"261,600.00"
Solomon Islands Dollar,"560,722.00"
Seychellois Rupee,"956,995.00"
Sudanese Pound,"41,869,900.00"
Swedish Krona,"652,773.00"
Singapore Dollar,"89,341.00"
Saint Helena Pound,"52,271.10"
Sierra Leonean Leone,"1,460,880,000"
Somaliland Shilling,"39,803,700"
Surinamese Dollar,"2,611,640.00"
South Sudanese Pound,"41,869,900.00"
Sao Tome And Principe Dobra,"1,441,970,000"
Syrian Pound,"7,716,690"
Swazi Lilangeni,"1,175,310.00"
Thai Baht,"2,290,020.00"
Tajikistani Somoni,"668,984.00"
Turkmenistan Manat,"243,834.00"
Tunisian Dinar,"205,706.000"
Tongan Paanga,"167,744.00"
Turkish Lira,"3,087,430.00"
Trinidad And Tobago Dollar,"472,544.00"
New Taiwan Dollar,"2,229,100.00"
Tanzanian Shilling,"180,205,000.00"
Ukrainian Hryvnia,"3,051,180.00"
Ugandan Shilling,"263,267,000"
US Dollar,"69,667.00"
Uruguayan Peso,"2,806,630.00"
Uzbekistani Som,"849,151,000.00"
Venezuelan Bol,"69,667,000,000.00"
Vietnamese Dong,"1,833,080,000"
Vanuatu Vatu,"8,292,900"
Samoan Tala,"191,180.00"
Central African CFA Franc,"39,482,100"
East Caribbean Dollar,"188,282.00"
West African CFA Franc,"39,481,400"
CFP Franc,"7,177,990"
Yemeni Rial,"16,619,000"
South African Rand,"1,186,070.00"
Zambian Kwacha,"1,359,930.00"
